video_path,gt_label,chunk_id,start_sec,end_sec,pred_label,pred_label_raw,confidence,infer_ms,payload_kb,tx_ms,queue_ms,network_delay_ms,first_result_ms,end_to_end_ms,dropped,correct
C:\Users\zx\Desktop\scenario2_pose_lab\scenario2_pose_lab\tiny-Kinetics-400\abseiling\-3B32lodo2M_000059_000069.mp4,abseiling,0,0.0,7.2,rock climbing,rock climbing,0.217101588845253,16.721899999538437,113.0927734375,226.185546875,0.0,20.0,262.90744687453844,262.90744687453844,0,0
C:\Users\zx\Desktop\scenario2_pose_lab\scenario2_pose_lab\tiny-Kinetics-400\abseiling\-3B32lodo2M_000059_000069.mp4,abseiling,1,0.32,7.52,playing paintball,playing paintball,0.28459832072257996,10.174799994274508,117.50390625,235.0078125,0.0,20.0,262.90744687453844,265.1826124942745,0,0
C:\Users\zx\Desktop\scenario2_pose_lab\scenario2_pose_lab\tiny-Kinetics-400\abseiling\-3B32lodo2M_000059_000069.mp4,abseiling,2,0.64,7.84,playing paintball,playing paintball,0.2830485999584198,10.043599999335129,120.150390625,240.30078125,0.0,20.0,262.90744687453844,270.34438124933513,0,0
C:\Users\zx\Desktop\scenario2_pose_lab\scenario2_pose_lab\tiny-Kinetics-400\abseiling\-3B32lodo2M_000059_000069.mp4,abseiling,3,0.96,8.16,playing paintball,playing paintball,0.21281278133392334,10.041600005934015,118.3349609375,236.669921875,0.0,20.0,262.90744687453844,266.711521880934,0,0
C:\Users\zx\Desktop\scenario2_pose_lab\scenario2_pose_lab\tiny-Kinetics-400\abseiling\-3B32lodo2M_000059_000069.mp4,abseiling,4,1.28,8.48,playing paintball,playing paintball,0.29001012444496155,10.43309999658959,119.9345703125,239.869140625,0.0,20.0,262.90744687453844,270.3022406215896,0,0
C:\Users\zx\Desktop\scenario2_pose_lab\scenario2_pose_lab\tiny-Kinetics-400\abseiling\-3B32lodo2M_000059_000069.mp4,abseiling,5,1.6,8.8,playing paintball,playing paintball,0.27208083868026733,10.95280000299681,123.5390625,247.078125,0.0,20.0,262.90744687453844,278.0309250029968,0,0
C:\Users\zx\Desktop\scenario2_pose_lab\scenario2_pose_lab\tiny-Kinetics-400\abseiling\-3B32lodo2M_000059_000069.mp4,abseiling,6,1.92,9.12,playing paintball,playing paintball,0.26657792925834656,11.185700001078658,120.59765625,241.1953125,0.0,20.0,262.90744687453844,272.38101250107866,0,0
C:\Users\zx\Desktop\scenario2_pose_lab\scenario2_pose_lab\tiny-Kinetics-400\abseiling\-3B32lodo2M_000059_000069.mp4,abseiling,7,2.24,9.44,playing paintball,playing paintball,0.28306329250335693,11.079399999289308,123.8564453125,247.712890625,0.0,20.0,262.90744687453844,278.7922906242893,0,0
C:\Users\zx\Desktop\scenario2_pose_lab\scenario2_pose_lab\tiny-Kinetics-400\abseiling\_4YTwq0-73Y_000044_000054.mp4,abseiling,0,0.0,6.0,abseiling,abseiling,0.8023784756660461,11.021300000720657,57.5478515625,115.095703125,0.0,20.0,146.11700312572066,146.11700312572066,0,1
C:\Users\zx\Desktop\scenario2_pose_lab\scenario2_pose_lab\tiny-Kinetics-400\abseiling\_4YTwq0-73Y_000044_000054.mp4,abseiling,1,0.26666666666666666,6.266666666666667,abseiling,abseiling,0.7468177676200867,10.82709999900544,57.51953125,115.0390625,0.0,20.0,146.11700312572066,145.86616249900544,0,1
C:\Users\zx\Desktop\scenario2_pose_lab\scenario2_pose_lab\tiny-Kinetics-400\abseiling\_4YTwq0-73Y_000044_000054.mp4,abseiling,2,0.5333333333333333,6.533333333333333,abseiling,abseiling,0.5826181173324585,10.657900005753618,57.3779296875,114.755859375,0.0,20.0,146.11700312572066,145.41375938075362,0,1
C:\Users\zx\Desktop\scenario2_pose_lab\scenario2_pose_lab\tiny-Kinetics-400\abseiling\_4YTwq0-73Y_000044_000054.mp4,abseiling,3,0.8,6.8,abseiling,abseiling,0.8482276797294617,10.281399998348206,57.4375,114.875,0.0,20.0,146.11700312572066,145.1563999983482,0,1
C:\Users\zx\Desktop\scenario2_pose_lab\scenario2_pose_lab\tiny-Kinetics-400\abseiling\_4YTwq0-73Y_000044_000054.mp4,abseiling,4,1.0666666666666667,7.066666666666666,abseiling,abseiling,0.7553149461746216,10.16939999681199,57.3544921875,114.708984375,0.0,20.0,146.11700312572066,144.878384371812,0,1
C:\Users\zx\Desktop\scenario2_pose_lab\scenario2_pose_lab\tiny-Kinetics-400\abseiling\_4YTwq0-73Y_000044_000054.mp4,abseiling,5,1.3333333333333333,7.333333333333333,abseiling,abseiling,0.6583152413368225,10.337799998524133,56.8818359375,113.763671875,0.0,20.0,146.11700312572066,144.10147187352413,0,1
C:\Users\zx\Desktop\scenario2_pose_lab\scenario2_pose_lab\tiny-Kinetics-400\abseiling\_4YTwq0-73Y_000044_000054.mp4,abseiling,6,1.6,7.6,abseiling,abseiling,0.8655056357383728,10.454299997945782,56.8828125,113.765625,0.0,20.0,146.11700312572066,144.21992499794578,0,1
C:\Users\zx\Desktop\scenario2_pose_lab\scenario2_pose_lab\tiny-Kinetics-400\abseiling\_4YTwq0-73Y_000044_000054.mp4,abseiling,7,1.8666666666666667,7.866666666666666,abseiling,abseiling,0.7614580392837524,10.412199997517746,57.009765625,114.01953125,0.0,20.0,146.11700312572066,144.43173124751775,0,1
C:\Users\zx\Desktop\scenario2_pose_lab\scenario2_pose_lab\tiny-Kinetics-400\abseiling\_4YTwq0-73Y_000044_000054.mp4,abseiling,8,2.1333333333333333,8.133333333333333,abseiling,abseiling,0.6554559469223022,10.646300004736986,56.9453125,113.890625,0.0,20.0,146.11700312572066,144.536925004737,0,1
C:\Users\zx\Desktop\scenario2_pose_lab\scenario2_pose_lab\tiny-Kinetics-400\abseiling\_4YTwq0-73Y_000044_000054.mp4,abseiling,9,2.4,8.4,abseiling,abseiling,0.8829628229141235,10.827299993252382,57.8876953125,115.775390625,0.0,20.0,146.11700312572066,146.60269061825238,0,1
C:\Users\zx\Desktop\scenario2_pose_lab\scenario2_pose_lab\tiny-Kinetics-400\abseiling\_4YTwq0-73Y_000044_000054.mp4,abseiling,10,2.6666666666666665,8.666666666666666,abseiling,abseiling,0.831104576587677,11.707800003932789,59.9208984375,119.841796875,0.0,20.0,146.11700312572066,151.5495968789328,0,1
C:\Users\zx\Desktop\scenario2_pose_lab\scenario2_pose_lab\tiny-Kinetics-400\abseiling\_4YTwq0-73Y_000044_000054.mp4,abseiling,11,2.933333333333333,8.933333333333334,,,0.0,,60.373046875,120.74609375,0.0,20.0,,,1,0
C:\Users\zx\Desktop\scenario2_pose_lab\scenario2_pose_lab\tiny-Kinetics-400\abseiling\_4YTwq0-73Y_000044_000054.mp4,abseiling,12,3.2,9.2,abseiling,abseiling,0.9250189065933228,11.155699998198543,61.6943359375,123.388671875,0.0,20.0,146.11700312572066,154.54437187319854,0,1
C:\Users\zx\Desktop\scenario2_pose_lab\scenario2_pose_lab\tiny-Kinetics-400\abseiling\_4YTwq0-73Y_000044_000054.mp4,abseiling,13,3.466666666666667,9.466666666666667,abseiling,abseiling,0.8908268213272095,11.239899999054614,63.451171875,126.90234375000001,0.0,20.0,146.11700312572066,158.14224374905461,0,1
C:\Users\zx\Desktop\scenario2_pose_lab\scenario2_pose_lab\tiny-Kinetics-400\abseiling\_EDt9CNqqxk_000260_000270.mp4,abseiling,0,0.0,7.2,abseiling,abseiling,0.968180239200592,10.985400003846735,190.0771484375,380.154296875,0.0,20.0,411.13969687884673,411.13969687884673,0,1
C:\Users\zx\Desktop\scenario2_pose_lab\scenario2_pose_lab\tiny-Kinetics-400\abseiling\_EDt9CNqqxk_000260_000270.mp4,abseiling,1,0.32,7.52,abseiling,abseiling,0.9844001531600952,10.65280000329949,190.1474609375,380.294921875,0.0,20.0,411.13969687884673,410.9477218782995,0,1
C:\Users\zx\Desktop\scenario2_pose_lab\scenario2_pose_lab\tiny-Kinetics-400\abseiling\_EDt9CNqqxk_000260_000270.mp4,abseiling,2,0.64,7.84,abseiling,abseiling,0.9817454218864441,11.046999999962281,190.0439453125,380.087890625,0.0,20.0,411.13969687884673,411.1348906249623,0,1
C:\Users\zx\Desktop\scenario2_pose_lab\scenario2_pose_lab\tiny-Kinetics-400\abseiling\_EDt9CNqqxk_000260_000270.mp4,abseiling,3,0.96,8.16,abseiling,abseiling,0.9665504097938538,10.42339999548858,189.501953125,379.00390625,0.0,20.0,411.13969687884673,409.4273062454886,0,1
C:\Users\zx\Desktop\scenario2_pose_lab\scenario2_pose_lab\tiny-Kinetics-400\abseiling\_EDt9CNqqxk_000260_000270.mp4,abseiling,4,1.28,8.48,abseiling,abseiling,0.9838867783546448,11.517500002810266,188.9697265625,377.939453125,0.0,20.0,411.13969687884673,409.45695312781027,0,1
C:\Users\zx\Desktop\scenario2_pose_lab\scenario2_pose_lab\tiny-Kinetics-400\abseiling\_EDt9CNqqxk_000260_000270.mp4,abseiling,5,1.6,8.8,abseiling,abseiling,0.9835038185119629,10.425399996165652,186.732421875,373.46484375,0.0,20.0,411.13969687884673,403.89024374616565,0,1
C:\Users\zx\Desktop\scenario2_pose_lab\scenario2_pose_lab\tiny-Kinetics-400\abseiling\_EDt9CNqqxk_000260_000270.mp4,abseiling,6,1.92,9.12,abseiling,abseiling,0.9705687165260315,10.465300001669675,186.19921875,372.3984375,0.0,20.0,411.13969687884673,402.8637375016697,0,1
C:\Users\zx\Desktop\scenario2_pose_lab\scenario2_pose_lab\tiny-Kinetics-400\abseiling\_EDt9CNqqxk_000260_000270.mp4,abseiling,7,2.24,9.44,abseiling,abseiling,0.9905595183372498,9.825299996009562,183.77734375,367.5546875,0.0,20.0,411.13969687884673,397.37998749600956,0,1
C:\Users\zx\Desktop\scenario2_pose_lab\scenario2_pose_lab\tiny-Kinetics-400\air_drumming\_9SlRyQ2Aio_000192_000202.mp4,air drumming,0,0.0,7.2,air drumming,air drumming,0.9454531669616699,17.36930000333814,127.080078125,254.16015625,0.0,20.0,291.52945625333814,291.52945625333814,0,1
C:\Users\zx\Desktop\scenario2_pose_lab\scenario2_pose_lab\tiny-Kinetics-400\air_drumming\_9SlRyQ2Aio_000192_000202.mp4,air drumming,1,0.32,7.52,air drumming,air drumming,0.9948036074638367,10.62159999855794,127.7646484375,255.52929687499997,0.0,20.0,291.52945625333814,286.15089687355794,0,1
C:\Users\zx\Desktop\scenario2_pose_lab\scenario2_pose_lab\tiny-Kinetics-400\air_drumming\_9SlRyQ2Aio_000192_000202.mp4,air drumming,2,0.64,7.84,air drumming,air drumming,0.8654698729515076,9.710400001495145,128.3408203125,256.681640625,0.0,20.0,291.52945625333814,286.39204062649515,0,1
C:\Users\zx\Desktop\scenario2_pose_lab\scenario2_pose_lab\tiny-Kinetics-400\air_drumming\_9SlRyQ2Aio_000192_000202.mp4,air drumming,3,0.96,8.16,air drumming,air drumming,0.7418109178543091,11.288400004559662,128.748046875,257.49609375,0.0,20.0,291.52945625333814,288.78449375455966,0,1
C:\Users\zx\Desktop\scenario2_pose_lab\scenario2_pose_lab\tiny-Kinetics-400\air_drumming\_9SlRyQ2Aio_000192_000202.mp4,air drumming,4,1.28,8.48,air drumming,air drumming,0.9447475075721741,10.499600000912324,129.2236328125,258.447265625,0.0,20.0,291.52945625333814,288.9468656259123,0,1
C:\Users\zx\Desktop\scenario2_pose_lab\scenario2_pose_lab\tiny-Kinetics-400\air_drumming\_9SlRyQ2Aio_000192_000202.mp4,air drumming,5,1.6,8.8,air drumming,air drumming,0.6481256484985352,10.025699994002935,129.5966796875,259.193359375,0.0,20.0,291.52945625333814,289.21905936900293,0,1
C:\Users\zx\Desktop\scenario2_pose_lab\scenario2_pose_lab\tiny-Kinetics-400\air_drumming\_9SlRyQ2Aio_000192_000202.mp4,air drumming,6,1.92,9.12,air drumming,air drumming,0.46380144357681274,9.979100002965424,129.7919921875,259.583984375,0.0,20.0,291.52945625333814,289.5630843779654,0,1
C:\Users\zx\Desktop\scenario2_pose_lab\scenario2_pose_lab\tiny-Kinetics-400\air_drumming\_9SlRyQ2Aio_000192_000202.mp4,air drumming,7,2.24,9.44,air drumming,air drumming,0.7047538757324219,10.475100003532134,130.4521484375,260.904296875,0.0,20.0,291.52945625333814,291.37939687853213,0,1
C:\Users\zx\Desktop\scenario2_pose_lab\scenario2_pose_lab\tiny-Kinetics-400\air_drumming\_axE99QAhe8_000026_000036.mp4,air drumming,0,0.0,6.006,air drumming,air drumming,0.7319007515907288,10.916200000792742,120.1669921875,240.333984375,0.0,20.0,271.25018437579274,271.25018437579274,0,1
C:\Users\zx\Desktop\scenario2_pose_lab\scenario2_pose_lab\tiny-Kinetics-400\air_drumming\_axE99QAhe8_000026_000036.mp4,air drumming,1,0.26693333333333336,6.2729333333333335,playing organ,playing organ,0.537977933883667,16.14980000158539,119.9130859375,239.826171875,0.0,20.0,271.25018437579274,275.9759718765854,0,0
C:\Users\zx\Desktop\scenario2_pose_lab\scenario2_pose_lab\tiny-Kinetics-400\air_drumming\_axE99QAhe8_000026_000036.mp4,air drumming,2,0.5338666666666667,6.539866666666667,air drumming,air drumming,0.6648798584938049,11.413799998990726,118.6767578125,237.353515625,0.0,20.0,271.25018437579274,268.7673156239907,0,1
C:\Users\zx\Desktop\scenario2_pose_lab\scenario2_pose_lab\tiny-Kinetics-400\air_drumming\_axE99QAhe8_000026_000036.mp4,air drumming,3,0.8008000000000001,6.8068,air drumming,air drumming,0.600246012210846,10.666000001947396,117.1083984375,234.216796875,0.0,20.0,271.25018437579274,264.8827968769474,0,1
C:\Users\zx\Desktop\scenario2_pose_lab\scenario2_pose_lab\tiny-Kinetics-400\air_drumming\_axE99QAhe8_000026_000036.mp4,air drumming,4,1.0677333333333334,7.073733333333333,playing organ,playing organ,0.5881098508834839,10.963399996398948,116.6796875,233.359375,0.0,20.0,271.25018437579274,264.32277499639895,0,0
C:\Users\zx\Desktop\scenario2_pose_lab\scenario2_pose_lab\tiny-Kinetics-400\air_drumming\_axE99QAhe8_000026_000036.mp4,air drumming,5,1.3346666666666667,7.3406666666666665,air drumming,air drumming,0.6189588308334351,12.065300004906021,115.037109375,230.07421875,0.0,20.0,271.25018437579274,262.139518754906,0,1
C:\Users\zx\Desktop\scenario2_pose_lab\scenario2_pose_lab\tiny-Kinetics-400\air_drumming\_axE99QAhe8_000026_000036.mp4,air drumming,6,1.6016000000000001,7.6076,playing organ,playing organ,0.4496248662471771,11.035600000468548,111.509765625,223.01953125,0.0,20.0,271.25018437579274,254.05513125046855,0,0
C:\Users\zx\Desktop\scenario2_pose_lab\scenario2_pose_lab\tiny-Kinetics-400\air_drumming\_axE99QAhe8_000026_000036.mp4,air drumming,7,1.8685333333333334,7.874533333333334,playing organ,playing organ,0.6934593915939331,10.66010000067763,107.1787109375,214.357421875,0.0,20.0,271.25018437579274,245.01752187567763,0,0
C:\Users\zx\Desktop\scenario2_pose_lab\scenario2_pose_lab\tiny-Kinetics-400\air_drumming\_axE99QAhe8_000026_000036.mp4,air drumming,8,2.135466666666667,8.141466666666666,air drumming,air drumming,0.6474756002426147,11.979399998381268,105.5244140625,211.048828125,0.0,20.0,271.25018437579274,243.02822812338127,0,1
C:\Users\zx\Desktop\scenario2_pose_lab\scenario2_pose_lab\tiny-Kinetics-400\air_drumming\_axE99QAhe8_000026_000036.mp4,air drumming,9,2.4024,8.4084,playing organ,playing organ,0.5083853006362915,13.02630000282079,100.50390625,201.0078125,0.0,20.0,271.25018437579274,234.0341125028208,0,0
C:\Users\zx\Desktop\scenario2_pose_lab\scenario2_pose_lab\tiny-Kinetics-400\air_drumming\_axE99QAhe8_000026_000036.mp4,air drumming,10,2.6693333333333333,8.675333333333333,playing organ,playing organ,0.6641125082969666,10.470400004123803,95.541015625,191.08203125,0.0,20.0,271.25018437579274,221.5524312541238,0,0
C:\Users\zx\Desktop\scenario2_pose_lab\scenario2_pose_lab\tiny-Kinetics-400\air_drumming\_axE99QAhe8_000026_000036.mp4,air drumming,11,2.9362666666666666,8.942266666666667,air drumming,air drumming,0.5095173120498657,10.271200000715908,94.4814453125,188.962890625,0.0,20.0,271.25018437579274,219.2340906257159,0,1
C:\Users\zx\Desktop\scenario2_pose_lab\scenario2_pose_lab\tiny-Kinetics-400\air_drumming\_axE99QAhe8_000026_000036.mp4,air drumming,12,3.2032000000000003,9.209200000000001,playing organ,playing organ,0.6388183236122131,10.080299995024689,90.4638671875,180.927734375,0.0,20.0,271.25018437579274,211.0080343700247,0,0
C:\Users\zx\Desktop\scenario2_pose_lab\scenario2_pose_lab\tiny-Kinetics-400\air_drumming\_dbcJuKJQNs_000040_000050.mp4,air drumming,0,0.0,6.006,air drumming,air drumming,0.7004199028015137,10.51020000159042,134.2412109375,268.482421875,0.0,20.0,298.9926218765904,298.9926218765904,0,1
C:\Users\zx\Desktop\scenario2_pose_lab\scenario2_pose_lab\tiny-Kinetics-400\air_drumming\_dbcJuKJQNs_000040_000050.mp4,air drumming,1,0.26693333333333336,6.2729333333333335,air drumming,air drumming,0.5792251229286194,10.14680000662338,133.912109375,267.82421875,0.0,20.0,298.9926218765904,297.9710187566234,0,1
C:\Users\zx\Desktop\scenario2_pose_lab\scenario2_pose_lab\tiny-Kinetics-400\air_drumming\_dbcJuKJQNs_000040_000050.mp4,air drumming,2,0.5338666666666667,6.539866666666667,air drumming,air drumming,0.7187628149986267,10.060900000098627,133.8876953125,267.775390625,0.0,20.0,298.9926218765904,297.8362906250986,0,1
C:\Users\zx\Desktop\scenario2_pose_lab\scenario2_pose_lab\tiny-Kinetics-400\air_drumming\_dbcJuKJQNs_000040_000050.mp4,air drumming,3,0.8008000000000001,6.8068,air drumming,air drumming,0.6782181262969971,10.15479999477975,136.009765625,272.01953125,0.0,20.0,298.9926218765904,302.17433124477975,0,1
C:\Users\zx\Desktop\scenario2_pose_lab\scenario2_pose_lab\tiny-Kinetics-400\air_drumming\_dbcJuKJQNs_000040_000050.mp4,air drumming,4,1.0677333333333334,7.073733333333333,air drumming,air drumming,0.6198391318321228,10.0456000000122,135.5048828125,271.009765625,0.0,20.0,298.9926218765904,301.0553656250122,0,1
C:\Users\zx\Desktop\scenario2_pose_lab\scenario2_pose_lab\tiny-Kinetics-400\air_drumming\_dbcJuKJQNs_000040_000050.mp4,air drumming,5,1.3346666666666667,7.3406666666666665,air drumming,air drumming,0.6744150519371033,11.548700000275858,134.892578125,269.78515625,0.0,20.0,298.9926218765904,301.33385625027586,0,1
C:\Users\zx\Desktop\scenario2_pose_lab\scenario2_pose_lab\tiny-Kinetics-400\answering_questions\_5PV4fkZisA_000139_000149.mp4,answering questions,0,0.0,6.006,giving or receiving award,giving or receiving award,0.25352463126182556,10.568999998213258,133.6669921875,267.333984375,0.0,20.0,297.90298437321326,297.90298437321326,0,0
C:\Users\zx\Desktop\scenario2_pose_lab\scenario2_pose_lab\tiny-Kinetics-400\answering_questions\_5PV4fkZisA_000139_000149.mp4,answering questions,1,0.26693333333333336,6.2729333333333335,giving or receiving award,giving or receiving award,0.28007492423057556,11.81689999793889,133.5869140625,267.173828125,0.0,20.0,297.90298437321326,298.9907281229389,0,0
C:\Users\zx\Desktop\scenario2_pose_lab\scenario2_pose_lab\tiny-Kinetics-400\answering_questions\_5PV4fkZisA_000139_000149.mp4,answering questions,2,0.5338666666666667,6.539866666666667,singing,singing,0.28260278701782227,10.501800003112294,133.482421875,266.96484375,0.0,20.0,297.90298437321326,297.4666437531123,0,0
C:\Users\zx\Desktop\scenario2_pose_lab\scenario2_pose_lab\tiny-Kinetics-400\answering_questions\_5PV4fkZisA_000139_000149.mp4,answering questions,3,0.8008000000000001,6.8068,giving or receiving award,giving or receiving award,0.2886175811290741,10.312300000805408,133.7431640625,267.486328125,0.0,20.0,297.90298437321326,297.7986281258054,0,0
C:\Users\zx\Desktop\scenario2_pose_lab\scenario2_pose_lab\tiny-Kinetics-400\answering_questions\_5PV4fkZisA_000139_000149.mp4,answering questions,4,1.0677333333333334,7.073733333333333,giving or receiving award,giving or receiving award,0.2772366404533386,10.109599999850616,133.669921875,267.33984375,0.0,20.0,297.90298437321326,297.4494437498506,0,0
C:\Users\zx\Desktop\scenario2_pose_lab\scenario2_pose_lab\tiny-Kinetics-400\answering_questions\_5PV4fkZisA_000139_000149.mp4,answering questions,5,1.3346666666666667,7.3406666666666665,singing,singing,0.27388796210289,9.882999998808373,133.603515625,267.20703125,0.0,20.0,297.90298437321326,297.0900312488084,0,0
C:\Users\zx\Desktop\scenario2_pose_lab\scenario2_pose_lab\tiny-Kinetics-400\answering_questions\_5PV4fkZisA_000139_000149.mp4,answering questions,6,1.6016000000000001,7.6076,giving or receiving award,giving or receiving award,0.29069453477859497,9.921700002450962,133.966796875,267.93359375,0.0,20.0,297.90298437321326,297.85529375245096,0,0
C:\Users\zx\Desktop\scenario2_pose_lab\scenario2_pose_lab\tiny-Kinetics-400\answering_questions\_5PV4fkZisA_000139_000149.mp4,answering questions,7,1.8685333333333334,7.874533333333334,giving or receiving award,giving or receiving award,0.2515999376773834,9.999399997468572,134.0380859375,268.076171875,0.0,20.0,297.90298437321326,298.0755718724686,0,0
C:\Users\zx\Desktop\scenario2_pose_lab\scenario2_pose_lab\tiny-Kinetics-400\answering_questions\_5PV4fkZisA_000139_000149.mp4,answering questions,8,2.135466666666667,8.141466666666666,singing,singing,0.2594880163669586,11.009699999704026,134.0615234375,268.123046875,0.0,20.0,297.90298437321326,299.132746874704,0,0
C:\Users\zx\Desktop\scenario2_pose_lab\scenario2_pose_lab\tiny-Kinetics-400\answering_questions\_5PV4fkZisA_000139_000149.mp4,answering questions,9,2.4024,8.4084,giving or receiving award,giving or receiving award,0.2523232400417328,14.499899996735621,134.4306640625,268.861328125,0.0,20.0,297.90298437321326,303.3612281217356,0,0
C:\Users\zx\Desktop\scenario2_pose_lab\scenario2_pose_lab\tiny-Kinetics-400\answering_questions\_5PV4fkZisA_000139_000149.mp4,answering questions,10,2.6693333333333333,8.675333333333333,giving or receiving award,giving or receiving award,0.2551502287387848,15.020899998489767,134.33203125,268.6640625,0.0,20.0,297.90298437321326,303.68496249848977,0,0
C:\Users\zx\Desktop\scenario2_pose_lab\scenario2_pose_lab\tiny-Kinetics-400\answering_questions\_5PV4fkZisA_000139_000149.mp4,answering questions,11,2.9362666666666666,8.942266666666667,singing,singing,0.26101815700531006,9.22770000033779,134.349609375,268.69921875,0.0,20.0,297.90298437321326,297.9269187503378,0,0
C:\Users\zx\Desktop\scenario2_pose_lab\scenario2_pose_lab\tiny-Kinetics-400\answering_questions\_5PV4fkZisA_000139_000149.mp4,answering questions,12,3.2032000000000003,9.209200000000001,giving or receiving award,giving or receiving award,0.23445986211299896,10.053800004243385,134.6298828125,269.259765625,0.0,20.0,297.90298437321326,299.3135656292434,0,0
C:\Users\zx\Desktop\scenario2_pose_lab\scenario2_pose_lab\tiny-Kinetics-400\answering_questions\_5PV4fkZisA_000139_000149.mp4,answering questions,13,3.4701333333333335,9.476133333333333,singing,singing,0.24023529887199402,11.448500001279172,134.5029296875,269.005859375,0.0,20.0,297.90298437321326,300.45435937627917,0,0
C:\Users\zx\Desktop\scenario2_pose_lab\scenario2_pose_lab\tiny-Kinetics-400\answering_questions\_5VCfqc1Q0Q_000040_000050.mp4,answering questions,0,0.0,6.006,folding napkins,folding napkins,0.26254934072494507,11.634399998001754,126.0712890625,252.14257812500003,0.0,20.0,283.77697812300175,283.77697812300175,0,0
C:\Users\zx\Desktop\scenario2_pose_lab\scenario2_pose_lab\tiny-Kinetics-400\answering_questions\_5VCfqc1Q0Q_000040_000050.mp4,answering questions,1,0.26693333333333336,6.2729333333333335,folding napkins,folding napkins,0.6501189470291138,10.363599998527206,124.0283203125,248.056640625,0.0,20.0,283.77697812300175,278.4202406235272,0,0
C:\Users\zx\Desktop\scenario2_pose_lab\scenario2_pose_lab\tiny-Kinetics-400\answering_questions\_5VCfqc1Q0Q_000040_000050.mp4,answering questions,2,0.5338666666666667,6.539866666666667,folding napkins,folding napkins,0.5614011883735657,9.99749999755295,125.2216796875,250.443359375,0.0,20.0,283.77697812300175,280.44085937255295,0,0
C:\Users\zx\Desktop\scenario2_pose_lab\scenario2_pose_lab\tiny-Kinetics-400\answering_questions\_5VCfqc1Q0Q_000040_000050.mp4,answering questions,3,0.8008000000000001,6.8068,folding napkins,folding napkins,0.2020270973443985,10.345499998948071,125.552734375,251.10546875,0.0,20.0,283.77697812300175,281.45096874894807,0,0
C:\Users\zx\Desktop\scenario2_pose_lab\scenario2_pose_lab\tiny-Kinetics-400\answering_questions\_5VCfqc1Q0Q_000040_000050.mp4,answering questions,4,1.0677333333333334,7.073733333333333,folding napkins,folding napkins,0.6444466710090637,10.140999998839106,123.3701171875,246.740234375,0.0,20.0,283.77697812300175,276.8812343738391,0,0
C:\Users\zx\Desktop\scenario2_pose_lab\scenario2_pose_lab\tiny-Kinetics-400\answering_questions\_5VCfqc1Q0Q_000040_000050.mp4,answering questions,5,1.3346666666666667,7.3406666666666665,folding napkins,folding napkins,0.6160904169082642,13.934499998867977,124.3671875,248.734375,0.0,20.0,283.77697812300175,282.668874998868,0,0
C:\Users\zx\Desktop\scenario2_pose_lab\scenario2_pose_lab\tiny-Kinetics-400\answering_questions\_5VCfqc1Q0Q_000040_000050.mp4,answering questions,6,1.6016000000000001,7.6076,folding napkins,folding napkins,0.2267969399690628,10.145600004761945,124.1044921875,248.208984375,0.0,20.0,283.77697812300175,278.35458437976195,0,0
C:\Users\zx\Desktop\scenario2_pose_lab\scenario2_pose_lab\tiny-Kinetics-400\answering_questions\_5VCfqc1Q0Q_000040_000050.mp4,answering questions,7,1.8685333333333334,7.874533333333334,folding napkins,folding napkins,0.6204147338867188,14.699799998197705,120.8564453125,241.712890625,0.0,20.0,283.77697812300175,276.4126906231977,0,0
C:\Users\zx\Desktop\scenario2_pose_lab\scenario2_pose_lab\tiny-Kinetics-400\answering_questions\_5VCfqc1Q0Q_000040_000050.mp4,answering questions,8,2.135466666666667,8.141466666666666,folding napkins,folding napkins,0.45312193036079407,10.192500005359761,121.1298828125,242.259765625,0.0,20.0,283.77697812300175,272.45226563035976,0,0
C:\Users\zx\Desktop\scenario2_pose_lab\scenario2_pose_lab\tiny-Kinetics-400\answering_questions\_5VCfqc1Q0Q_000040_000050.mp4,answering questions,9,2.4024,8.4084,answering questions,answering questions,0.33441320061683655,10.187799998675473,119.5009765625,239.001953125,0.0,20.0,283.77697812300175,269.1897531236755,0,1
C:\Users\zx\Desktop\scenario2_pose_lab\scenario2_pose_lab\tiny-Kinetics-400\answering_questions\_5VCfqc1Q0Q_000040_000050.mp4,answering questions,10,2.6693333333333333,8.675333333333333,answering questions,answering questions,0.28223705291748047,10.543100004724693,116.400390625,232.80078125,0.0,20.0,283.77697812300175,263.3438812547247,0,1
C:\Users\zx\Desktop\scenario2_pose_lab\scenario2_pose_lab\tiny-Kinetics-400\answering_questions\_5VCfqc1Q0Q_000040_000050.mp4,answering questions,11,2.9362666666666666,8.942266666666667,answering questions,answering questions,0.32492518424987793,11.29689999652328,117.3447265625,234.689453125,0.0,20.0,283.77697812300175,265.9863531215233,0,1
C:\Users\zx\Desktop\scenario2_pose_lab\scenario2_pose_lab\tiny-Kinetics-400\answering_questions\_5VCfqc1Q0Q_000040_000050.mp4,answering questions,12,3.2032000000000003,9.209200000000001,answering questions,answering questions,0.4020719826221466,12.209599997731857,116.0732421875,232.146484375,0.0,20.0,283.77697812300175,264.35608437273186,0,1
C:\Users\zx\Desktop\scenario2_pose_lab\scenario2_pose_lab\tiny-Kinetics-400\answering_questions\_5VCfqc1Q0Q_000040_000050.mp4,answering questions,13,3.4701333333333335,9.476133333333333,answering questions,answering questions,0.36577755212783813,10.392900003353134,113.8935546875,227.787109375,0.0,20.0,283.77697812300175,258.18000937835313,0,1
C:\Users\zx\Desktop\scenario2_pose_lab\scenario2_pose_lab\tiny-Kinetics-400\answering_questions\_5W9Fxl_dFE_000186_000196.mp4,answering questions,0,0.0,9.933333333333334,testifying,testifying,0.5024663209915161,10.269500002323184,122.1279296875,244.255859375,0.0,20.0,274.5253593773232,274.5253593773232,0,0
C:\Users\zx\Desktop\scenario2_pose_lab\scenario2_pose_lab\tiny-Kinetics-400\applauding\0nd-Gc3HkmU_000019_000029.mp4,applauding,0,0.0,4.677316293929713,testifying,testifying,0.10897708684206009,11.78329999675043,92.7958984375,185.591796875,0.0,20.0,217.37509687175043,217.37509687175043,0,0
C:\Users\zx\Desktop\scenario2_pose_lab\scenario2_pose_lab\tiny-Kinetics-400\applauding\0Tq8uFakTbk_000000_000010.mp4,applauding,0,0.0,6.006,marching,marching,0.4915425479412079,10.404799999378156,140.6826171875,281.365234375,0.0,20.0,311.77003437437816,311.77003437437816,0,0
C:\Users\zx\Desktop\scenario2_pose_lab\scenario2_pose_lab\tiny-Kinetics-400\applauding\0Tq8uFakTbk_000000_000010.mp4,applauding,1,0.26693333333333336,6.2729333333333335,marching,marching,0.3320789039134979,10.761900004581548,139.892578125,279.78515625,0.0,20.0,311.77003437437816,310.54705625458155,0,0
C:\Users\zx\Desktop\scenario2_pose_lab\scenario2_pose_lab\tiny-Kinetics-400\applauding\0Tq8uFakTbk_000000_000010.mp4,applauding,2,0.5338666666666667,6.539866666666667,marching,marching,0.38174259662628174,10.146600005100481,138.6240234375,277.248046875,0.0,20.0,311.77003437437816,307.3946468801005,0,0
C:\Users\zx\Desktop\scenario2_pose_lab\scenario2_pose_lab\tiny-Kinetics-400\applauding\0Tq8uFakTbk_000000_000010.mp4,applauding,3,0.8008000000000001,6.8068,marching,marching,0.4616185128688812,10.096800004248507,137.5380859375,275.076171875,0.0,20.0,311.77003437437816,305.1729718792485,0,0
C:\Users\zx\Desktop\scenario2_pose_lab\scenario2_pose_lab\tiny-Kinetics-400\applauding\0Tq8uFakTbk_000000_000010.mp4,applauding,4,1.0677333333333334,7.073733333333333,marching,marching,0.3687528073787689,10.014999999839347,137.1484375,274.296875,0.0,20.0,311.77003437437816,304.31187499983935,0,0
C:\Users\zx\Desktop\scenario2_pose_lab\scenario2_pose_lab\tiny-Kinetics-400\applauding\0Tq8uFakTbk_000000_000010.mp4,applauding,5,1.3346666666666667,7.3406666666666665,marching,marching,0.37619659304618835,10.432099996251054,136.373046875,272.74609375,0.0,20.0,311.77003437437816,303.17819374625105,0,0
C:\Users\zx\Desktop\scenario2_pose_lab\scenario2_pose_lab\tiny-Kinetics-400\applauding\0Tq8uFakTbk_000000_000010.mp4,applauding,6,1.6016000000000001,7.6076,marching,marching,0.3898823857307434,10.9742000058759,135.6513671875,271.302734375,0.0,20.0,311.77003437437816,302.2769343808759,0,0
C:\Users\zx\Desktop\scenario2_pose_lab\scenario2_pose_lab\tiny-Kinetics-400\applauding\0Tq8uFakTbk_000000_000010.mp4,applauding,7,1.8685333333333334,7.874533333333334,marching,marching,0.4646618962287903,10.710100003052503,135.419921875,270.83984375,0.0,20.0,311.77003437437816,301.5499437530525,0,0
C:\Users\zx\Desktop\scenario2_pose_lab\scenario2_pose_lab\tiny-Kinetics-400\applauding\0Tq8uFakTbk_000000_000010.mp4,applauding,8,2.135466666666667,8.141466666666666,marching,marching,0.3946800231933594,10.726300002716016,134.501953125,269.00390625,0.0,20.0,311.77003437437816,299.730206252716,0,0
C:\Users\zx\Desktop\scenario2_pose_lab\scenario2_pose_lab\tiny-Kinetics-400\applauding\0Tq8uFakTbk_000000_000010.mp4,applauding,9,2.4024,8.4084,applauding,applauding,0.3380250036716461,10.663900000508875,133.8095703125,267.619140625,0.0,20.0,311.77003437437816,298.2830406255089,0,1
C:\Users\zx\Desktop\scenario2_pose_lab\scenario2_pose_lab\tiny-Kinetics-400\applauding\0Tq8uFakTbk_000000_000010.mp4,applauding,10,2.6693333333333333,8.675333333333333,marching,marching,0.37923237681388855,10.031999998318497,133.6826171875,267.365234375,0.0,20.0,311.77003437437816,297.3972343733185,0,0
C:\Users\zx\Desktop\scenario2_pose_lab\scenario2_pose_lab\tiny-Kinetics-400\applauding\0Tq8uFakTbk_000000_000010.mp4,applauding,11,2.9362666666666666,8.942266666666667,applauding,applauding,0.35644787549972534,10.083900000608992,132.978515625,265.95703125,0.0,20.0,311.77003437437816,296.040931250609,0,1
C:\Users\zx\Desktop\scenario2_pose_lab\scenario2_pose_lab\tiny-Kinetics-400\applauding\0Tq8uFakTbk_000000_000010.mp4,applauding,12,3.2032000000000003,9.209200000000001,applauding,applauding,0.42801958322525024,13.847500005795155,132.5419921875,265.083984375,0.0,20.0,311.77003437437816,298.93148438079515,0,1
C:\Users\zx\Desktop\scenario2_pose_lab\scenario2_pose_lab\tiny-Kinetics-400\applauding\0Tq8uFakTbk_000000_000010.mp4,applauding,13,3.4701333333333335,9.476133333333333,applauding,applauding,0.38725945353507996,10.229899999103509,132.40234375,264.8046875,0.0,20.0,311.77003437437816,295.0345874991035,0,1
C:\Users\zx\Desktop\scenario2_pose_lab\scenario2_pose_lab\tiny-Kinetics-400\applauding\_LHpfh0rXjk_000012_000022.mp4,applauding,0,0.0,7.277978339350181,auctioning,auctioning,0.4172044098377228,11.319099998218007,113.056640625,226.11328125,0.0,20.0,257.432381248218,257.432381248218,0,0
C:\Users\zx\Desktop\scenario2_pose_lab\scenario2_pose_lab\tiny-Kinetics-400\applying_cream\-PBcrI7pXUM_000024_000034.mp4,applying cream,0,0.0,7.2,applying cream,applying cream,0.48158976435661316,11.8265999990399,70.7783203125,141.556640625,0.0,20.0,173.3832406240399,173.3832406240399,0,1
C:\Users\zx\Desktop\scenario2_pose_lab\scenario2_pose_lab\tiny-Kinetics-400\applying_cream\_-mM9e_yGog_000067_000077.mp4,applying cream,0,0.0,6.0,massaging back,massaging back,0.6142796874046326,10.807699996803422,103.8603515625,207.720703125,0.0,20.0,238.52840312180342,238.52840312180342,0,0
C:\Users\zx\Desktop\scenario2_pose_lab\scenario2_pose_lab\tiny-Kinetics-400\applying_cream\_-mM9e_yGog_000067_000077.mp4,applying cream,1,0.26666666666666666,6.266666666666667,massaging back,massaging back,0.46025440096855164,10.28039999800967,101.7021484375,203.404296875,0.0,20.0,238.52840312180342,233.68469687300967,0,0
C:\Users\zx\Desktop\scenario2_pose_lab\scenario2_pose_lab\tiny-Kinetics-400\applying_cream\_-mM9e_yGog_000067_000077.mp4,applying cream,2,0.5333333333333333,6.533333333333333,baby waking up,baby waking up,0.23419269919395447,10.145800006284844,99.0810546875,198.162109375,0.0,20.0,238.52840312180342,228.30790938128484,0,0
C:\Users\zx\Desktop\scenario2_pose_lab\scenario2_pose_lab\tiny-Kinetics-400\applying_cream\_-mM9e_yGog_000067_000077.mp4,applying cream,3,0.8,6.8,massaging back,massaging back,0.628324568271637,10.221999997156672,97.279296875,194.55859375,0.0,20.0,238.52840312180342,224.78059374715667,0,0
C:\Users\zx\Desktop\scenario2_pose_lab\scenario2_pose_lab\tiny-Kinetics-400\applying_cream\_-mM9e_yGog_000067_000077.mp4,applying cream,4,1.0666666666666667,7.066666666666666,massaging back,massaging back,0.6039078831672668,10.487300001841504,94.9267578125,189.853515625,0.0,20.0,238.52840312180342,220.3408156268415,0,0
C:\Users\zx\Desktop\scenario2_pose_lab\scenario2_pose_lab\tiny-Kinetics-400\applying_cream\_-mM9e_yGog_000067_000077.mp4,applying cream,5,1.3333333333333333,7.333333333333333,massaging back,massaging back,0.29576539993286133,11.810000003606547,91.97265625,183.9453125,0.0,20.0,238.52840312180342,215.75531250360655,0,0
C:\Users\zx\Desktop\scenario2_pose_lab\scenario2_pose_lab\tiny-Kinetics-400\applying_cream\_-mM9e_yGog_000067_000077.mp4,applying cream,6,1.6,7.6,massaging back,massaging back,0.636390209197998,10.510600004636217,90.0859375,180.171875,0.0,20.0,238.52840312180342,210.68247500463622,0,0
C:\Users\zx\Desktop\scenario2_pose_lab\scenario2_pose_lab\tiny-Kinetics-400\applying_cream\_-mM9e_yGog_000067_000077.mp4,applying cream,7,1.8666666666666667,7.866666666666666,massaging back,massaging back,0.5534296035766602,12.920699999085627,87.8798828125,175.759765625,0.0,20.0,238.52840312180342,208.68046562408563,0,0
C:\Users\zx\Desktop\scenario2_pose_lab\scenario2_pose_lab\tiny-Kinetics-400\applying_cream\_-mM9e_yGog_000067_000077.mp4,applying cream,8,2.1333333333333333,8.133333333333333,massaging back,massaging back,0.24055516719818115,11.394299996027257,85.099609375,170.19921875,0.0,20.0,238.52840312180342,201.59351874602726,0,0
C:\Users\zx\Desktop\scenario2_pose_lab\scenario2_pose_lab\tiny-Kinetics-400\applying_cream\_-mM9e_yGog_000067_000077.mp4,applying cream,9,2.4,8.4,massaging back,massaging back,0.43645110726356506,10.556200002611149,83.9521484375,167.904296875,0.0,20.0,238.52840312180342,198.46049687761115,0,0
C:\Users\zx\Desktop\scenario2_pose_lab\scenario2_pose_lab\tiny-Kinetics-400\applying_cream\_-mM9e_yGog_000067_000077.mp4,applying cream,10,2.6666666666666665,8.666666666666666,massaging back,massaging back,0.5176566243171692,10.651500000676606,83.3681640625,166.736328125,0.0,20.0,238.52840312180342,197.3878281256766,0,0
C:\Users\zx\Desktop\scenario2_pose_lab\scenario2_pose_lab\tiny-Kinetics-400\applying_cream\_-mM9e_yGog_000067_000077.mp4,applying cream,11,2.933333333333333,8.933333333333334,baby waking up,baby waking up,0.20587515830993652,10.113700001966208,83.849609375,167.69921875,0.0,20.0,238.52840312180342,197.8129187519662,0,0
C:\Users\zx\Desktop\scenario2_pose_lab\scenario2_pose_lab\tiny-Kinetics-400\applying_cream\_-mM9e_yGog_000067_000077.mp4,applying cream,12,3.2,9.2,massaging back,massaging back,0.21994051337242126,13.5805000027176,84.8857421875,169.771484375,0.0,20.0,238.52840312180342,203.3519843777176,0,0
C:\Users\zx\Desktop\scenario2_pose_lab\scenario2_pose_lab\tiny-Kinetics-400\applying_cream\_-mM9e_yGog_000067_000077.mp4,applying cream,13,3.466666666666667,9.466666666666667,massaging back,massaging back,0.3436388671398163,10.355799997341819,84.5869140625,169.173828125,0.0,20.0,238.52840312180342,199.52962812234182,0,0
C:\Users\zx\Desktop\scenario2_pose_lab\scenario2_pose_lab\tiny-Kinetics-400\applying_cream\_SUw41KlPBE_000102_000112.mp4,applying cream,0,0.0,6.006,applying cream,applying cream,0.9793212413787842,10.82239999959711,93.685546875,187.37109375,0.0,20.0,218.1934937495971,218.1934937495971,0,1
C:\Users\zx\Desktop\scenario2_pose_lab\scenario2_pose_lab\tiny-Kinetics-400\applying_cream\_SUw41KlPBE_000102_000112.mp4,applying cream,1,0.26693333333333336,6.2729333333333335,applying cream,applying cream,0.9698659181594849,10.821199997735675,93.60546875,187.2109375,0.0,20.0,218.1934937495971,218.03213749773568,0,1
C:\Users\zx\Desktop\scenario2_pose_lab\scenario2_pose_lab\tiny-Kinetics-400\applying_cream\_SUw41KlPBE_000102_000112.mp4,applying cream,2,0.5338666666666667,6.539866666666667,applying cream,applying cream,0.9778984785079956,16.059900000982452,93.2734375,186.546875,0.0,20.0,218.1934937495971,222.60677500098245,0,1
C:\Users\zx\Desktop\scenario2_pose_lab\scenario2_pose_lab\tiny-Kinetics-400\applying_cream\_SUw41KlPBE_000102_000112.mp4,applying cream,3,0.8008000000000001,6.8068,applying cream,applying cream,0.9843036532402039,10.881200003495906,93.310546875,186.62109375,0.0,20.0,218.1934937495971,217.5022937534959,0,1
C:\Users\zx\Desktop\scenario2_pose_lab\scenario2_pose_lab\tiny-Kinetics-400\applying_cream\_SUw41KlPBE_000102_000112.mp4,applying cream,4,1.0677333333333334,7.073733333333333,applying cream,applying cream,0.9696318507194519,10.478000003786292,93.31640625,186.6328125,0.0,20.0,218.1934937495971,217.1108125037863,0,1
C:\Users\zx\Desktop\scenario2_pose_lab\scenario2_pose_lab\tiny-Kinetics-400\applying_cream\_SUw41KlPBE_000102_000112.mp4,applying cream,5,1.3346666666666667,7.3406666666666665,applying cream,applying cream,0.9873282313346863,10.39689999743132,93.759765625,187.51953125,0.0,20.0,218.1934937495971,217.91643124743132,0,1
C:\Users\zx\Desktop\scenario2_pose_lab\scenario2_pose_lab\tiny-Kinetics-400\applying_cream\_SUw41KlPBE_000102_000112.mp4,applying cream,6,1.6016000000000001,7.6076,applying cream,applying cream,0.9881662130355835,11.303699997370131,93.71484375,187.4296875,0.0,20.0,218.1934937495971,218.73338749737013,0,1
C:\Users\zx\Desktop\scenario2_pose_lab\scenario2_pose_lab\tiny-Kinetics-400\applying_cream\_SUw41KlPBE_000102_000112.mp4,applying cream,7,1.8685333333333334,7.874533333333334,,,0.0,,93.4375,186.875,0.0,20.0,,,1,0
C:\Users\zx\Desktop\scenario2_pose_lab\scenario2_pose_lab\tiny-Kinetics-400\applying_cream\_SUw41KlPBE_000102_000112.mp4,applying cream,8,2.135466666666667,8.141466666666666,applying cream,applying cream,0.9888610243797302,12.691599993559066,93.5087890625,187.017578125,0.0,20.0,218.1934937495971,219.70917811855907,0,1
C:\Users\zx\Desktop\scenario2_pose_lab\scenario2_pose_lab\tiny-Kinetics-400\applying_cream\_SUw41KlPBE_000102_000112.mp4,applying cream,9,2.4024,8.4084,applying cream,applying cream,0.9931142926216125,11.124699994979892,93.3525390625,186.705078125,0.0,20.0,218.1934937495971,217.8297781199799,0,1
C:\Users\zx\Desktop\scenario2_pose_lab\scenario2_pose_lab\tiny-Kinetics-400\applying_cream\_SUw41KlPBE_000102_000112.mp4,applying cream,10,2.6693333333333333,8.675333333333333,applying cream,applying cream,0.9903987646102905,11.567900000954978,93.0791015625,186.158203125,0.0,20.0,218.1934937495971,217.72610312595498,0,1
C:\Users\zx\Desktop\scenario2_pose_lab\scenario2_pose_lab\tiny-Kinetics-400\applying_cream\_SUw41KlPBE_000102_000112.mp4,applying cream,11,2.9362666666666666,8.942266666666667,applying cream,applying cream,0.9915276169776917,10.847099998500198,93.44140625,186.8828125,0.0,20.0,218.1934937495971,217.7299124985002,0,1
C:\Users\zx\Desktop\scenario2_pose_lab\scenario2_pose_lab\tiny-Kinetics-400\applying_cream\_SUw41KlPBE_000102_000112.mp4,applying cream,12,3.2032000000000003,9.209200000000001,applying cream,applying cream,0.9964237809181213,11.057700001401827,93.2041015625,186.408203125,0.0,20.0,218.1934937495971,217.46590312640183,0,1
C:\Users\zx\Desktop\scenario2_pose_lab\scenario2_pose_lab\tiny-Kinetics-400\applying_cream\_SUw41KlPBE_000102_000112.mp4,applying cream,13,3.4701333333333335,9.476133333333333,applying cream,applying cream,0.9957168698310852,9.933699999237433,92.7265625,185.453125,0.0,20.0,218.1934937495971,215.38682499923743,0,1
C:\Users\zx\Desktop\scenario2_pose_lab\scenario2_pose_lab\tiny-Kinetics-400\archery\_7cIhg_uLmQ_000107_000117.mp4,archery,0,0.0,6.006,archery,archery,0.757399320602417,11.114499997347593,195.0205078125,390.041015625,0.0,20.0,421.1555156223476,421.1555156223476,0,1
C:\Users\zx\Desktop\scenario2_pose_lab\scenario2_pose_lab\tiny-Kinetics-400\archery\_7cIhg_uLmQ_000107_000117.mp4,archery,1,0.26693333333333336,6.2729333333333335,archery,archery,0.5183500051498413,11.954200002946891,193.7607421875,387.521484375,0.0,20.0,421.1555156223476,419.4756843779469,0,1
C:\Users\zx\Desktop\scenario2_pose_lab\scenario2_pose_lab\tiny-Kinetics-400\archery\_7cIhg_uLmQ_000107_000117.mp4,archery,2,0.5338666666666667,6.539866666666667,archery,archery,0.6922013163566589,11.911999994481448,193.138671875,386.27734375,0.0,20.0,421.1555156223476,418.18934374448145,0,1
C:\Users\zx\Desktop\scenario2_pose_lab\scenario2_pose_lab\tiny-Kinetics-400\archery\_7cIhg_uLmQ_000107_000117.mp4,archery,3,0.8008000000000001,6.8068,archery,archery,0.652445912361145,11.387500002456363,192.853515625,385.70703125,0.0,20.0,421.1555156223476,417.09453125245636,0,1
C:\Users\zx\Desktop\scenario2_pose_lab\scenario2_pose_lab\tiny-Kinetics-400\archery\_7cIhg_uLmQ_000107_000117.mp4,archery,4,1.0677333333333334,7.073733333333333,archery,archery,0.44558244943618774,11.435899999924004,190.33203125,380.6640625,0.0,20.0,421.1555156223476,412.099962499924,0,1
C:\Users\zx\Desktop\scenario2_pose_lab\scenario2_pose_lab\tiny-Kinetics-400\archery\_7cIhg_uLmQ_000107_000117.mp4,archery,5,1.3346666666666667,7.3406666666666665,archery,archery,0.5538352727890015,9.0076999986195,190.8525390625,381.705078125,0.0,20.0,421.1555156223476,410.7127781236195,0,1
C:\Users\zx\Desktop\scenario2_pose_lab\scenario2_pose_lab\tiny-Kinetics-400\archery\_7cIhg_uLmQ_000107_000117.mp4,archery,6,1.6016000000000001,7.6076,archery,archery,0.5105946660041809,10.702700004912913,190.353515625,380.70703125,0.0,20.0,421.1555156223476,411.4097312549129,0,1
C:\Users\zx\Desktop\scenario2_pose_lab\scenario2_pose_lab\tiny-Kinetics-400\archery\_7cIhg_uLmQ_000107_000117.mp4,archery,7,1.8685333333333334,7.874533333333334,archery,archery,0.4903704822063446,10.463700004038401,188.052734375,376.10546875,0.0,20.0,421.1555156223476,406.5691687540384,0,1
C:\Users\zx\Desktop\scenario2_pose_lab\scenario2_pose_lab\tiny-Kinetics-400\archery\_7cIhg_uLmQ_000107_000117.mp4,archery,8,2.135466666666667,8.141466666666666,archery,archery,0.6035948991775513,10.628500000166241,188.8671875,377.734375,0.0,20.0,421.1555156223476,408.36287500016624,0,1
C:\Users\zx\Desktop\scenario2_pose_lab\scenario2_pose_lab\tiny-Kinetics-400\archery\_7cIhg_uLmQ_000107_000117.mp4,archery,9,2.4024,8.4084,archery,archery,0.5970721244812012,11.416699999244884,188.1943359375,376.388671875,0.0,20.0,421.1555156223476,407.8053718742449,0,1
C:\Users\zx\Desktop\scenario2_pose_lab\scenario2_pose_lab\tiny-Kinetics-400\archery\_7cIhg_uLmQ_000107_000117.mp4,archery,10,2.6693333333333333,8.675333333333333,archery,archery,0.5711601376533508,10.891099998843856,185.7626953125,371.525390625,0.0,20.0,421.1555156223476,402.41649062384386,0,1
C:\Users\zx\Desktop\scenario2_pose_lab\scenario2_pose_lab\tiny-Kinetics-400\archery\_7cIhg_uLmQ_000107_000117.mp4,archery,11,2.9362666666666666,8.942266666666667,archery,archery,0.6761442422866821,10.577699998975731,186.8837890625,373.767578125,0.0,20.0,421.1555156223476,404.34527812397573,0,1
C:\Users\zx\Desktop\scenario2_pose_lab\scenario2_pose_lab\tiny-Kinetics-400\archery\_7cIhg_uLmQ_000107_000117.mp4,archery,12,3.2032000000000003,9.209200000000001,archery,archery,0.6330404877662659,10.49609999608947,186.0419921875,372.083984375,0.0,20.0,421.1555156223476,402.58008437108947,0,1
C:\Users\zx\Desktop\scenario2_pose_lab\scenario2_pose_lab\tiny-Kinetics-400\archery\_7cIhg_uLmQ_000107_000117.mp4,archery,13,3.4701333333333335,9.476133333333333,archery,archery,0.7407569885253906,11.56720000290079,179.46875,358.9375,0.0,20.0,421.1555156223476,390.5047000029008,0,1
C:\Users\zx\Desktop\scenario2_pose_lab\scenario2_pose_lab\tiny-Kinetics-400\archery\_Buw5qNQZto_000030_000040.mp4,archery,0,0.0,7.2,throwing axe,throwing axe,0.5033522844314575,15.087700005096849,152.4560546875,304.912109375,0.0,20.0,339.99980938009685,339.99980938009685,0,0
C:\Users\zx\Desktop\scenario2_pose_lab\scenario2_pose_lab\tiny-Kinetics-400\archery\_Buw5qNQZto_000030_000040.mp4,archery,1,0.32,7.52,archery,archery,0.4844799339771271,14.517499999783468,153.302734375,306.60546875,0.0,20.0,339.99980938009685,341.12296874978347,0,1
C:\Users\zx\Desktop\scenario2_pose_lab\scenario2_pose_lab\tiny-Kinetics-400\archery\_Buw5qNQZto_000030_000040.mp4,archery,2,0.64,7.84,archery,archery,0.6868574619293213,10.537400004977826,153.09375,306.1875,0.0,20.0,339.99980938009685,336.7249000049778,0,1
C:\Users\zx\Desktop\scenario2_pose_lab\scenario2_pose_lab\tiny-Kinetics-400\archery\_Buw5qNQZto_000030_000040.mp4,archery,3,0.96,8.16,archery,archery,0.616887092590332,11.743199996999465,152.166015625,304.33203125,0.0,20.0,339.99980938009685,336.07523124699946,0,1
C:\Users\zx\Desktop\scenario2_pose_lab\scenario2_pose_lab\tiny-Kinetics-400\archery\_Buw5qNQZto_000030_000040.mp4,archery,4,1.28,8.48,archery,archery,0.47943082451820374,15.115700000023935,153.1669921875,306.333984375,0.0,20.0,339.99980938009685,341.44968437502393,0,1
C:\Users\zx\Desktop\scenario2_pose_lab\scenario2_pose_lab\tiny-Kinetics-400\archery\_Buw5qNQZto_000030_000040.mp4,archery,5,1.6,8.8,archery,archery,0.7130471467971802,8.675799996126443,152.5087890625,305.017578125,0.0,20.0,339.99980938009685,333.69337812112644,0,1
C:\Users\zx\Desktop\scenario2_pose_lab\scenario2_pose_lab\tiny-Kinetics-400\archery\_Buw5qNQZto_000030_000040.mp4,archery,6,1.92,9.12,archery,archery,0.7161909341812134,15.403299999888986,151.8466796875,303.693359375,0.0,20.0,339.99980938009685,339.096659374889,0,1
C:\Users\zx\Desktop\scenario2_pose_lab\scenario2_pose_lab\tiny-Kinetics-400\archery\_Buw5qNQZto_000030_000040.mp4,archery,7,2.24,9.44,archery,archery,0.49304455518722534,14.829699997790158,153.23828125,306.4765625,0.0,20.0,339.99980938009685,341.30626249779016,0,1
C:\Users\zx\Desktop\scenario2_pose_lab\scenario2_pose_lab\tiny-Kinetics-400\archery\_ceSzRc_kEQ_000009_000019.mp4,archery,0,0.0,6.206896551724138,riding or walking with horse,riding or walking with horse,0.9764133095741272,12.991999996302184,130.0224609375,260.044921875,0.0,20.0,293.0369218713022,293.0369218713022,0,0
C:\Users\zx\Desktop\scenario2_pose_lab\scenario2_pose_lab\tiny-Kinetics-400\archery\_ceSzRc_kEQ_000009_000019.mp4,archery,1,0.27586206896551724,6.482758620689655,riding or walking with horse,riding or walking with horse,0.9779986143112183,11.532599994097836,128.642578125,257.28515625,0.0,20.0,293.0369218713022,288.81775624409784,0,0
C:\Users\zx\Desktop\scenario2_pose_lab\scenario2_pose_lab\tiny-Kinetics-400\archery\_ceSzRc_kEQ_000009_000019.mp4,archery,2,0.5517241379310345,6.758620689655173,riding or walking with horse,riding or walking with horse,0.9721818566322327,11.325599996780511,126.5478515625,253.09570312500003,0.0,20.0,293.0369218713022,284.4213031217805,0,0
C:\Users\zx\Desktop\scenario2_pose_lab\scenario2_pose_lab\tiny-Kinetics-400\archery\_ceSzRc_kEQ_000009_000019.mp4,archery,3,0.8275862068965517,7.0344827586206895,riding or walking with horse,riding or walking with horse,0.9697926044464111,12.048500000673812,124.890625,249.78125,0.0,20.0,293.0369218713022,281.8297500006738,0,0
C:\Users\zx\Desktop\scenario2_pose_lab\scenario2_pose_lab\tiny-Kinetics-400\archery\_ceSzRc_kEQ_000009_000019.mp4,archery,4,1.103448275862069,7.310344827586207,riding or walking with horse,riding or walking with horse,0.9711089134216309,11.231099997530691,123.66796875,247.3359375,0.0,20.0,293.0369218713022,278.5670374975307,0,0
C:\Users\zx\Desktop\scenario2_pose_lab\scenario2_pose_lab\tiny-Kinetics-400\archery\_ceSzRc_kEQ_000009_000019.mp4,archery,5,1.3793103448275863,7.586206896551724,riding or walking with horse,riding or walking with horse,0.9383350014686584,10.613300000841264,122.4697265625,244.939453125,0.0,20.0,293.0369218713022,275.55275312584126,0,0
C:\Users\zx\Desktop\scenario2_pose_lab\scenario2_pose_lab\tiny-Kinetics-400\archery\_ceSzRc_kEQ_000009_000019.mp4,archery,6,1.6551724137931034,7.862068965517241,riding or walking with horse,riding or walking with horse,0.9280173778533936,12.047399999573827,121.3330078125,242.666015625,0.0,20.0,293.0369218713022,274.7134156245738,0,0
C:\Users\zx\Desktop\scenario2_pose_lab\scenario2_pose_lab\tiny-Kinetics-400\archery\_ceSzRc_kEQ_000009_000019.mp4,archery,7,1.9310344827586208,8.137931034482758,riding or walking with horse,riding or walking with horse,0.9177054762840271,13.632100002723746,120.8349609375,241.669921875,0.0,20.0,293.0369218713022,275.30202187772375,0,0
C:\Users\zx\Desktop\scenario2_pose_lab\scenario2_pose_lab\tiny-Kinetics-400\archery\_ceSzRc_kEQ_000009_000019.mp4,archery,8,2.206896551724138,8.413793103448276,riding or walking with horse,riding or walking with horse,0.8408079147338867,11.075200003688224,120.7158203125,241.431640625,0.0,20.0,293.0369218713022,272.5068406286882,0,0
C:\Users\zx\Desktop\scenario2_pose_lab\scenario2_pose_lab\tiny-Kinetics-400\archery\_ceSzRc_kEQ_000009_000019.mp4,archery,9,2.4827586206896552,8.689655172413794,riding or walking with horse,riding or walking with horse,0.71156907081604,10.332199999538716,120.3203125,240.640625,0.0,20.0,293.0369218713022,270.9728249995387,0,0
C:\Users\zx\Desktop\scenario2_pose_lab\scenario2_pose_lab\tiny-Kinetics-400\archery\_ceSzRc_kEQ_000009_000019.mp4,archery,10,2.7586206896551726,8.96551724137931,riding or walking with horse,riding or walking with horse,0.6900851130485535,10.208600004261825,120.376953125,240.75390625,0.0,20.0,293.0369218713022,270.9625062542618,0,0
C:\Users\zx\Desktop\scenario2_pose_lab\scenario2_pose_lab\tiny-Kinetics-400\archery\_ceSzRc_kEQ_000009_000019.mp4,archery,11,3.0344827586206895,9.241379310344827,riding or walking with horse,riding or walking with horse,0.5055065751075745,10.00479999493109,119.8662109375,239.732421875,0.0,20.0,293.0369218713022,269.7372218699311,0,0
C:\Users\zx\Desktop\scenario2_pose_lab\scenario2_pose_lab\tiny-Kinetics-400\archery\_ceSzRc_kEQ_000009_000019.mp4,archery,12,3.310344827586207,9.517241379310345,riding or walking with horse,riding or walking with horse,0.277125746011734,9.826300003624056,118.4169921875,236.833984375,0.0,20.0,293.0369218713022,266.66028437862406,0,0
C:\Users\zx\Desktop\scenario2_pose_lab\scenario2_pose_lab\tiny-Kinetics-400\arm_wrestling\_6xcGAdO8Jk_000011_000021.mp4,arm wrestling,0,0.0,7.6,arm wrestling,arm wrestling,0.9999974966049194,10.4016999976011,116.4296875,232.859375,0.0,20.0,263.2610749976011,263.2610749976011,0,1
C:\Users\zx\Desktop\scenario2_pose_lab\scenario2_pose_lab\tiny-Kinetics-400\arm_wrestling\_hwI3fEVXr8_000000_000010.mp4,arm wrestling,0,0.0,6.000200006666889,arm wrestling,arm wrestling,1.0,10.748699998657685,150.6220703125,301.244140625,0.0,20.0,331.9928406236577,331.9928406236577,0,1
C:\Users\zx\Desktop\scenario2_pose_lab\scenario2_pose_lab\tiny-Kinetics-400\arm_wrestling\_hwI3fEVXr8_000000_000010.mp4,arm wrestling,1,0.26667555585186176,6.26687556251875,arm wrestling,arm wrestling,0.9999998807907104,11.651599998003803,150.685546875,301.37109375,0.0,20.0,331.9928406236577,333.0226937480038,0,1
C:\Users\zx\Desktop\scenario2_pose_lab\scenario2_pose_lab\tiny-Kinetics-400\arm_wrestling\_hwI3fEVXr8_000000_000010.mp4,arm wrestling,2,0.5333511117037235,6.533551118370613,arm wrestling,arm wrestling,0.9999998807907104,10.912800004007295,150.8916015625,301.783203125,0.0,20.0,331.9928406236577,332.6960031290073,0,1
C:\Users\zx\Desktop\scenario2_pose_lab\scenario2_pose_lab\tiny-Kinetics-400\arm_wrestling\_hwI3fEVXr8_000000_000010.mp4,arm wrestling,3,0.8000266675555853,6.800226674222475,arm wrestling,arm wrestling,0.9999998807907104,10.620100001688115,150.9150390625,301.830078125,0.0,20.0,331.9928406236577,332.4501781266881,0,1
C:\Users\zx\Desktop\scenario2_pose_lab\scenario2_pose_lab\tiny-Kinetics-400\arm_wrestling\_hwI3fEVXr8_000000_000010.mp4,arm wrestling,4,1.066702223407447,7.066902230074336,arm wrestling,arm wrestling,0.9999997615814209,10.35000000410946,150.916015625,301.83203125,0.0,20.0,331.9928406236577,332.18203125410946,0,1
C:\Users\zx\Desktop\scenario2_pose_lab\scenario2_pose_lab\tiny-Kinetics-400\arm_wrestling\_hwI3fEVXr8_000000_000010.mp4,arm wrestling,5,1.3333777792593087,7.333577785926198,arm wrestling,arm wrestling,0.9999998807907104,11.246900001424365,150.6640625,301.328125,0.0,20.0,331.9928406236577,332.57502500142436,0,1
C:\Users\zx\Desktop\scenario2_pose_lab\scenario2_pose_lab\tiny-Kinetics-400\arm_wrestling\_hwI3fEVXr8_000000_000010.mp4,arm wrestling,6,1.6000533351111705,7.60025334177806,arm wrestling,arm wrestling,0.9999998807907104,12.788299995008856,150.86328125,301.7265625,0.0,20.0,331.9928406236577,334.51486249500886,0,1
C:\Users\zx\Desktop\scenario2_pose_lab\scenario2_pose_lab\tiny-Kinetics-400\arm_wrestling\_hwI3fEVXr8_000000_000010.mp4,arm wrestling,7,1.8667288909630322,7.866928897629921,arm wrestling,arm wrestling,1.0,14.486699998087715,150.5439453125,301.087890625,0.0,20.0,331.9928406236577,335.5745906230877,0,1
C:\Users\zx\Desktop\scenario2_pose_lab\scenario2_pose_lab\tiny-Kinetics-400\arm_wrestling\_hwI3fEVXr8_000000_000010.mp4,arm wrestling,8,2.133404446814894,8.133604453481784,arm wrestling,arm wrestling,1.0,10.751400004664902,150.544921875,301.08984375,0.0,20.0,331.9928406236577,331.8412437546649,0,1
C:\Users\zx\Desktop\scenario2_pose_lab\scenario2_pose_lab\tiny-Kinetics-400\arm_wrestling\_hwI3fEVXr8_000000_000010.mp4,arm wrestling,9,2.4000800026667557,8.400280009333645,arm wrestling,arm wrestling,1.0,10.304099996574223,150.90234375,301.8046875,0.0,20.0,331.9928406236577,332.1087874965742,0,1
C:\Users\zx\Desktop\scenario2_pose_lab\scenario2_pose_lab\tiny-Kinetics-400\arm_wrestling\_hwI3fEVXr8_000000_000010.mp4,arm wrestling,10,2.6667555585186173,8.666955565185507,arm wrestling,arm wrestling,1.0,10.14980000036303,150.7080078125,301.416015625,0.0,20.0,331.9928406236577,331.56581562536303,0,1
C:\Users\zx\Desktop\scenario2_pose_lab\scenario2_pose_lab\tiny-Kinetics-400\arm_wrestling\_hwI3fEVXr8_000000_000010.mp4,arm wrestling,11,2.933431114370479,8.933631121037369,arm wrestling,arm wrestling,1.0,10.336300001654308,150.62109375,301.2421875,0.0,20.0,331.9928406236577,331.5784875016543,0,1
C:\Users\zx\Desktop\scenario2_pose_lab\scenario2_pose_lab\tiny-Kinetics-400\arm_wrestling\_hwI3fEVXr8_000000_000010.mp4,arm wrestling,12,3.200106670222341,9.20030667688923,arm wrestling,arm wrestling,1.0,10.079299994686153,150.7646484375,301.529296875,0.0,20.0,331.9928406236577,331.60859686968615,0,1
C:\Users\zx\Desktop\scenario2_pose_lab\scenario2_pose_lab\tiny-Kinetics-400\arm_wrestling\_hwI3fEVXr8_000000_000010.mp4,arm wrestling,13,3.4667822260742027,9.466982232741092,arm wrestling,arm wrestling,1.0,9.913599998981226,150.564453125,301.12890625,0.0,20.0,331.9928406236577,331.0425062489812,0,1
